id,url
12732650306,https://ameblo.jp/sssrc/entry-12732650306.html
12733427102,https://ameblo.jp/sssrc/entry-12733427102.html
12734953837,https://ameblo.jp/sssrc/entry-12734953837.html
12737266663,https://ameblo.jp/sssrc/entry-12737266663.html
12732463500,https://ameblo.jp/sssrc/entry-12732463500.html
12756252851,https://ameblo.jp/sssrc/entry-12756252851.html
12741184738,https://ameblo.jp/sssrc/entry-12741184738.html
12751402758,https://ameblo.jp/sssrc/entry-12751402758.html
12758633522,https://ameblo.jp/sssrc/entry-12758633522.html
12745740430,https://ameblo.jp/sssrc/entry-12745740430.html
12758768861,https://ameblo.jp/sssrc/entry-12758768861.html
12745818976,https://ameblo.jp/sssrc/entry-12745818976.html
12740379304,https://ameblo.jp/sssrc/entry-12740379304.html
12758740893,https://ameblo.jp/sssrc/entry-12758740893.html
12751099175,https://ameblo.jp/sssrc/entry-12751099175.html
12740294718,https://ameblo.jp/sssrc/entry-12740294718.html
12743442082,https://ameblo.jp/sssrc/entry-12743442082.html
12761902430,https://ameblo.jp/sssrc/entry-12761902430.html
12734559125,https://ameblo.jp/sssrc/entry-12734559125.html
12755134055,https://ameblo.jp/sssrc/entry-12755134055.html
12762328830,https://ameblo.jp/sssrc/entry-12762328830.html
12762507892,https://ameblo.jp/sssrc/entry-12762507892.html
12763571570,https://ameblo.jp/sssrc/entry-12763571570.html
12765812833,https://ameblo.jp/sssrc/entry-12765812833.html
12767061944,https://ameblo.jp/sssrc/entry-12767061944.html
12773866122,https://ameblo.jp/sssrc/entry-12773866122.html
12775177110,https://ameblo.jp/sssrc/entry-12775177110.html
12777291333,https://ameblo.jp/sssrc/entry-12777291333.html
12777152834,https://ameblo.jp/sssrc/entry-12777152834.html
12777362996,https://ameblo.jp/sssrc/entry-12777362996.html
12777345161,https://ameblo.jp/sssrc/entry-12777345161.html
12777725539,https://ameblo.jp/sssrc/entry-12777725539.html
12777773673,https://ameblo.jp/sssrc/entry-12777773673.html
12777456980,https://ameblo.jp/sssrc/entry-12777456980.html
12778239245,https://ameblo.jp/sssrc/entry-12778239245.html
12778388798,https://ameblo.jp/sssrc/entry-12778388798.html
12778542578,https://ameblo.jp/sssrc/entry-12778542578.html
12778708587,https://ameblo.jp/sssrc/entry-12778708587.html
12778876037,https://ameblo.jp/sssrc/entry-12778876037.html
12778925336,https://ameblo.jp/sssrc/entry-12778925336.html
12779157683,https://ameblo.jp/sssrc/entry-12779157683.html
12779362930,https://ameblo.jp/sssrc/entry-12779362930.html
12779405822,https://ameblo.jp/sssrc/entry-12779405822.html
12779675613,https://ameblo.jp/sssrc/entry-12779675613.html
12779578644,https://ameblo.jp/sssrc/entry-12779578644.html
12779797232,https://ameblo.jp/sssrc/entry-12779797232.html
12779989688,https://ameblo.jp/sssrc/entry-12779989688.html
12780194856,https://ameblo.jp/sssrc/entry-12780194856.html
12780378020,https://ameblo.jp/sssrc/entry-12780378020.html
12780573892,https://ameblo.jp/sssrc/entry-12780573892.html
12780604256,https://ameblo.jp/sssrc/entry-12780604256.html
12780899810,https://ameblo.jp/sssrc/entry-12780899810.html
12781027283,https://ameblo.jp/sssrc/entry-12781027283.html
12781073313,https://ameblo.jp/sssrc/entry-12781073313.html
12781381149,https://ameblo.jp/sssrc/entry-12781381149.html
12781458769,https://ameblo.jp/sssrc/entry-12781458769.html
12781693544,https://ameblo.jp/sssrc/entry-12781693544.html
12781779227,https://ameblo.jp/sssrc/entry-12781779227.html
12782027516,https://ameblo.jp/sssrc/entry-12782027516.html
12784433407,https://ameblo.jp/sssrc/entry-12784433407.html
12786145661,https://ameblo.jp/sssrc/entry-12786145661.html
12787035778,https://ameblo.jp/sssrc/entry-12787035778.html
12789158337,https://ameblo.jp/sssrc/entry-12789158337.html
12789256529,https://ameblo.jp/sssrc/entry-12789256529.html
12787043903,https://ameblo.jp/sssrc/entry-12787043903.html
12791525640,https://ameblo.jp/sssrc/entry-12791525640.html
12791710900,https://ameblo.jp/sssrc/entry-12791710900.html
12793561773,https://ameblo.jp/sssrc/entry-12793561773.html
12793708251,https://ameblo.jp/sssrc/entry-12793708251.html
12794054375,https://ameblo.jp/sssrc/entry-12794054375.html
12796157880,https://ameblo.jp/sssrc/entry-12796157880.html
12796209973,https://ameblo.jp/sssrc/entry-12796209973.html
12796166498,https://ameblo.jp/sssrc/entry-12796166498.html
12797370786,https://ameblo.jp/sssrc/entry-12797370786.html
12800577219,https://ameblo.jp/sssrc/entry-12800577219.html
12801255855,https://ameblo.jp/sssrc/entry-12801255855.html
12802256099,https://ameblo.jp/sssrc/entry-12802256099.html
12803285350,https://ameblo.jp/sssrc/entry-12803285350.html
12804020624,https://ameblo.jp/sssrc/entry-12804020624.html
12804569664,https://ameblo.jp/sssrc/entry-12804569664.html
12807577585,https://ameblo.jp/sssrc/entry-12807577585.html
12810098557,https://ameblo.jp/sssrc/entry-12810098557.html
12809891340,https://ameblo.jp/sssrc/entry-12809891340.html
12812266735,https://ameblo.jp/sssrc/entry-12812266735.html
12816426207,https://ameblo.jp/sssrc/entry-12816426207.html
12816692002,https://ameblo.jp/sssrc/entry-12816692002.html
12818463184,https://ameblo.jp/sssrc/entry-12818463184.html
12818673380,https://ameblo.jp/sssrc/entry-12818673380.html
12820864999,https://ameblo.jp/sssrc/entry-12820864999.html
12822595644,https://ameblo.jp/sssrc/entry-12822595644.html
12830382809,https://ameblo.jp/sssrc/entry-12830382809.html
12830188573,https://ameblo.jp/sssrc/entry-12830188573.html
12831072572,https://ameblo.jp/sssrc/entry-12831072572.html
12831018911,https://ameblo.jp/sssrc/entry-12831018911.html
12830628094,https://ameblo.jp/sssrc/entry-12830628094.html
12831089926,https://ameblo.jp/sssrc/entry-12831089926.html
12831658962,https://ameblo.jp/sssrc/entry-12831658962.html
12831413640,https://ameblo.jp/sssrc/entry-12831413640.html
12831683322,https://ameblo.jp/sssrc/entry-12831683322.html
12831930899,https://ameblo.jp/sssrc/entry-12831930899.html
12832068234,https://ameblo.jp/sssrc/entry-12832068234.html
12829850493,https://ameblo.jp/sssrc/entry-12829850493.html
12831777266,https://ameblo.jp/sssrc/entry-12831777266.html
